1765543353.998535000	42	33976
1765543354.358241000	43	54014
1765543354.358290000	44	54028
1765543354.358513000	45	54034
1765543354.358685000	46	54050
1765543354.358719000	47	54042
1765543354.358889000	48	54062
1765543354.359099000	49	54068
1765543354.359426000	50	54072
1765543354.359691000	51	54074
1765543354.359848000	52	54078
1765543354.359932000	53	54086
1765543354.360176000	54	54088
1765543354.360489000	55	54100
1765543354.360690000	56	54112
1765543354.361074000	57	54124
1765543354.361693000	58	54126
1765543356.267015000	59	54128
1765543356.267197000	60	54130
1765543356.277088000	61	54142
1765543374.804278000	65	49764
